"","Region","CityProvince","count","cityPop","Area","average","cityLand","density"
"1","NATIONAL CAPITAL REGION","CALOOCAN CITY",188,1583978,619.54,0.363153575615475,36.4435294117647,43463.9022500565
"2","NATIONAL CAPITAL REGION","CITY OF MANILA",897,1780148,619.54,0.363153575615475,36.4435294117647,48846.7508151209
"3","NATIONAL CAPITAL REGION","CITY OF PASIG",30,755300,619.54,0.363153575615475,36.4435294117647,20725.2154824547
"4","NATIONAL CAPITAL REGION","QUEZON CITY",142,2936116,619.54,0.363153575615475,36.4435294117647,80566.1813603641
"5","NATIONAL CAPITAL REGION","TAGUIG CITY",28,804915,619.54,0.363153575615475,36.4435294117647,22086.6368596055
